{
  "generation": 15,
  "capabilities": {
    "language": 0.8244871035905228,
    "coding": 0.8851194362868188,
    "execution": 1,
    "learning": 1,
    "overall": 0.9274016349693354
  },
  "dnaCount": 2565
}